<?xml version="1.0" encoding="UTF-8" standalone="yes"?>

<addon id="plugin.video.solaris.tv" name="Solaris.TV" version="1.0.0-beta" provider-name="Dir3wolf">
    <requires>
        <import addon="xbmc.python" version="2.25.0"/>
        <import addon="script.module.requests" version="2.9.1"/>
        <import addon="script.module.simplecache" version="1.0.11" />
        <import addon="xbmc.python" version="2.25.0"/>
    </requires>
    <extension point="xbmc.python.pluginsource" library="main.py">
        <provides>video</provides>
    </extension>
    <!-- <extension point="xbmc.service" library="service.py" start="startup" /> -->
    <extension point="xbmc.addon.metadata">
        <platform>all</platform>
        <summary lang="en_GB">Solaris.TV</summary>
        <description lang="en_GB">Customized version of the PS Vue App for Solaris System</description>
        <disclaimer lang="en_GB">Requires a valid subscription to PS Vue which is currently only available in the US</disclaimer>
        <news>
            - First Upload
        </news>
        <language>en</language>
        <platform>all</platform>
        <license>GNU GENERAL PUBLIC LICENSE. Version 2, June 1991</license>
        <forum>https://forum.kodi.tv/showthread.php?tid=312858</forum>
        <source>https://github.com/DiR3Wolf/Solaris.TV</source>
        <website></website>
        <assets>
            <icon>resources/icon.png</icon>
            <fanart>resources/fanart.jpg</fanart>
        </assets>
    </extension>
</addon>
