<?xml version="1.0" encoding="UTF-8" standalone="yes"?>
<addon id="repository.solaris" name="Solaris System" version="1.0.0" provider-name="Dir3Wolf">
	<extension point="xbmc.addon.repository" name="Solaris System">
		<info compressed="false">https://github.com/DiR3Wolf/Solaris.Start/raw/master/addons/addons.xml</info>
		<checksum>https://github.com/DiR3Wolf/Solaris.Start/raw/master/addons/addons.xml.md5</checksum>
		<datadir zip="true">https://github.com/DiR3Wolf/Solaris.Start/raw/master/addons/</datadir>
	</extension>
	<extension point="xbmc.addon.metadata">
		<summary>Solaris System Launcher</summary>
		<description>Apps for Solaris Project</description>
		<platform>all</platform>
		<assets>
            <icon>solaris.png</icon>
        </assets>
	</extension>
</addon>